{"cameraMode":{"drawMode":0,"name":"Shaded","section":"Shading Mode"},"sceneLighting":false,"audioPlay":false,"sceneViewState":{"showFog":true,"showMaterialUpdate":true,"showSkybox":true,"showFlares":true,"showImageEffects":true,"showParticleSystems":true},"in2DMode":false,"pivot":{"x":1024.602783203125,"y":591.8889770507813,"z":141.08343505859376},"rotation":{"x":-0.05427955090999603,"y":0.011080875061452389,"z":-0.0006024038302712143,"w":-0.9984627962112427},"size":636.985107421875,"orthographic":false}